"term","Estimate","Std. Error","df","t value","Pr(>|t|)","ci95_low","ci95_high","group","dv","re","n_trials","n_subjects"
"(Intercept)",-0.374175902973991,0.0986222775077059,74.7323311597461,-3.79403023768899,0.000298852175679301,-0.567472014962409,-0.180879790985573,"TD","dv_cp","intercepts",37054,24
"duration_z",0.480878924553614,0.0811876131738489,1584.46444373995,5.92305778867889,3.86824641157305e-09,0.321754126742101,0.640003722365128,"TD","dv_cp","intercepts",37054,24
"position_z",0.122960503371682,0.0602345968605691,1591.31151682753,2.04136011163669,0.0413796984431307,0.00490286290167732,0.241018143841687,"TD","dv_cp","intercepts",37054,24
"section2",0.158401287185894,0.118836533079059,1583.70050324913,1.33293426761712,0.182745096026938,-0.0745140376966653,0.391316612068452,"TD","dv_cp","intercepts",37054,24
"sur_m1_z",-0.100688023202042,0.0732558053155624,1582.70429927476,-1.37447158990759,0.169489901923707,-0.244266763279022,0.0428907168749382,"TD","dv_cp","intercepts",37054,24
"sur_p1_z",-0.316712244187666,0.0734027439413613,1580.63745292759,-4.31471941213363,1.69710583399251e-05,-0.46057897867915,-0.172845509696182,"TD","dv_cp","intercepts",37054,24
"freq_m1_z",-0.040065176507879,0.0779842574502864,1580.56089596121,-0.513759799962446,0.607491749427652,-0.19291151247154,0.112781159455782,"TD","dv_cp","intercepts",37054,24
"freq_p1_z",-0.117676458837551,0.0820853457861809,1580.60650022944,-1.43358668603382,0.151888023195571,-0.278560780236983,0.0432078625618798,"TD","dv_cp","intercepts",37054,24
"assoc_m1_z",-0.101584498224678,0.0806522619065178,1588.3242968164,-1.25953687873531,0.20802152901215,-0.259660026833145,0.0564910303837883,"TD","dv_cp","intercepts",37054,24
"assoc_p1_z",-0.0284555014211122,0.0863621690256974,1582.67477744194,-0.329490351413536,0.741828685006175,-0.19772224233824,0.140811239496015,"TD","dv_cp","intercepts",37054,24
"freq_z",-0.217915283189981,0.0774617019301566,1582.00452396617,-2.81320030105283,0.00496574236257326,-0.369737429154265,-0.0660931372256973,"TD","dv_cp","intercepts",37054,24
"assoc_z",0.115409188013426,0.093549615191317,1587.19749192451,1.23366822810981,0.217509209446812,-0.0679446885291361,0.298763064555989,"TD","dv_cp","intercepts",37054,24
"sur_z",-0.725020123427974,0.0695326578378768,1578.0144863717,-10.4270445855592,1.15639722370089e-24,-0.861301628539559,-0.588738618316389,"TD","dv_cp","intercepts",37054,24
"(Intercept)",0.00148255396195429,0.195400673793564,45.6260411789785,0.00758725102207464,0.993979385709318,-0.381495729228291,0.384460837152199,"TD","dv_fz","intercepts",37054,24
"duration_z",-0.0696680122513871,0.124893626664409,1589.61603262839,-0.557818794377602,0.57704667362191,-0.314455022412221,0.175118997909447,"TD","dv_fz","intercepts",37054,24
"position_z",-0.171762205743127,0.0926583858638429,1596.33076569122,-1.85371463296936,0.0639643674287776,-0.353369304901875,0.00984489341562003,"TD","dv_fz","intercepts",37054,24
"section2",-0.560896102289674,0.182818621983125,1589.1053728966,-3.06804687731126,0.00219103409704568,-0.919214017079841,-0.202578187499506,"TD","dv_fz","intercepts",37054,24
"sur_m1_z",-0.0286502835896989,0.112695677585551,1588.03582104385,-0.254226996132566,0.799353108894494,-0.249529752870717,0.19222918569132,"TD","dv_fz","intercepts",37054,24
"sur_p1_z",0.0192835543197087,0.11292599081594,1586.18888246596,0.170762764004783,0.864432087793166,-0.202047320598035,0.240614429237453,"TD","dv_fz","intercepts",37054,24
"freq_m1_z",0.0269233959770884,0.119974538601566,1586.12447200996,0.224409247919684,0.822467778892866,-0.208222378743791,0.262069170697967,"TD","dv_fz","intercepts",37054,24
"freq_p1_z",0.0334916936517362,0.126283808906353,1586.1686640764,0.26520972040503,0.790882368388871,-0.214020023635255,0.281003410938727,"TD","dv_fz","intercepts",37054,24
"assoc_m1_z",-0.243941051284914,0.124061626300764,1593.01824901332,-1.96628932377144,0.0494386029638737,-0.487097370697878,-0.000784731871949329,"TD","dv_fz","intercepts",37054,24
"assoc_p1_z",0.127523380866927,0.132858414746874,1587.92830085015,0.959844215437077,0.337279749189505,-0.132874327080031,0.387921088813885,"TD","dv_fz","intercepts",37054,24
"freq_z",0.0643443135737317,0.119167469192574,1587.38133139087,0.539948645462561,0.589308185945918,-0.169219634172499,0.297908261319963,"TD","dv_fz","intercepts",37054,24
"assoc_z",-0.173158858073103,0.143903426464061,1591.99657809398,-1.20329906193268,0.229039517230276,-0.45520439119457,0.108886675048365,"TD","dv_fz","intercepts",37054,24
"sur_z",-0.0254512072686402,0.106977234589859,1583.85285903519,-0.237912368610179,0.811979834956925,-0.235122734230457,0.184220319693176,"TD","dv_fz","intercepts",37054,24
"(Intercept)",-0.371435006124147,0.115914011832963,80.557831335912,-3.20440126478756,0.00194009999884861,-0.598622294620304,-0.14424771762799,"dyslexia","dv_cp","intercepts",60913,39
"duration_z",0.424847914862553,0.0767962072392651,1592.52058795113,5.5321470960005,3.69213306580953e-08,0.274330114524319,0.575365715200786,"dyslexia","dv_cp","intercepts",60913,39
"position_z",0.0683876131358533,0.0568996742272837,1590.95899413553,1.20189814905937,0.229581860143341,-0.0431336990816846,0.179908925353391,"dyslexia","dv_cp","intercepts",60913,39
"section2",0.142617143960221,0.112402401494964,1591.33906582255,1.26880869148165,0.204694862857442,-0.0776875147457197,0.362921802666161,"dyslexia","dv_cp","intercepts",60913,39
"sur_m1_z",0.0560575917828527,0.0692622217646614,1587.97369408551,0.809353069460069,0.418433339662935,-0.0796938683651099,0.191809051930815,"dyslexia","dv_cp","intercepts",60913,39
"sur_p1_z",-0.217983921380752,0.0694567156642255,1590.78538973602,-3.13841389268319,0.0017298232512743,-0.354116582567073,-0.0818512601944309,"dyslexia","dv_cp","intercepts",60913,39
"freq_m1_z",0.0849946780935576,0.0737677098557357,1588.75366334471,1.15219353101483,0.249414896224088,-0.0595873764456848,0.2295767326328,"dyslexia","dv_cp","intercepts",60913,39
"freq_p1_z",-0.0963371613029665,0.0776470313898982,1588.70634395332,-1.2407063036218,0.214897449404273,-0.248522546333618,0.055848223727685,"dyslexia","dv_cp","intercepts",60913,39
"assoc_m1_z",-0.0082661129712459,0.0762544167261923,1593.41684099488,-0.108401759873492,0.913690653360623,-0.157722023416692,0.1411897974742,"dyslexia","dv_cp","intercepts",60913,39
"assoc_p1_z",-0.111014945134501,0.0817170889945434,1592.35991335382,-1.3585278979029,0.174488654443264,-0.271177496485261,0.049147606216258,"dyslexia","dv_cp","intercepts",60913,39
"freq_z",-0.0603992278744282,0.0732421813256887,1587.19794742416,-0.824650860763537,0.40969374854423,-0.20395126542193,0.0831528096730737,"dyslexia","dv_cp","intercepts",60913,39
"assoc_z",-0.0809985054596205,0.0884901147684471,1595.115119794,-0.915339590999176,0.360151731050891,-0.254435943393593,0.0924389324743518,"dyslexia","dv_cp","intercepts",60913,39
"sur_z",-0.571554766385302,0.0657660993744213,1585.43065035518,-8.69072017075713,8.81469424050987e-18,-0.700453952562849,-0.442655580207754,"dyslexia","dv_cp","intercepts",60913,39
"(Intercept)",0.278841627709396,0.185751473895908,82.0247118564816,1.50115432120692,0.137155467828948,-0.0852245712018145,0.642907826620607,"dyslexia","dv_fz","intercepts",60913,39
"duration_z",0.318801626005253,0.119696216009946,1590.83209736123,2.66342275998735,0.00781307155590018,0.0842013535400316,0.553401898470474,"dyslexia","dv_fz","intercepts",60913,39
"position_z",-0.186205375067893,0.088688713889982,1589.52118627614,-2.09953856472516,0.035926771324647,-0.360032060127435,-0.012378690008351,"dyslexia","dv_fz","intercepts",60913,39
"section2",-0.714629300596568,0.175198355701934,1589.82215406786,-4.07897264636644,4.74750485433526e-05,-1.058011767923,-0.37124683327014,"dyslexia","dv_fz","intercepts",60913,39
"sur_m1_z",-0.118186624981518,0.107966054389659,1586.95662131275,-1.09466466705333,0.273829686471824,-0.329796203138143,0.0934229531751072,"dyslexia","dv_fz","intercepts",60913,39
"sur_p1_z",-0.090509469387174,0.108261503108727,1589.35157759212,-0.836026350902177,0.403265747251571,-0.30269811639245,0.121679177618103,"dyslexia","dv_fz","intercepts",60913,39
"freq_m1_z",-0.242101734535879,0.114986934368479,1587.6202141709,-2.10547168567914,0.0354069856417973,-0.467471984590769,-0.0167314844809882,"dyslexia","dv_fz","intercepts",60913,39
"freq_p1_z",-0.010260119996494,0.121034015712991,1587.60333371483,-0.0847705493042872,0.932454495526623,-0.247482431698212,0.226962191705224,"dyslexia","dv_fz","intercepts",60913,39
"assoc_m1_z",-0.0633804404761013,0.11884916529875,1591.54488200168,-0.533284691708034,0.593910982277867,-0.296320524054299,0.169559643102097,"dyslexia","dv_fz","intercepts",60913,39
"assoc_p1_z",0.0601051171362278,0.127366601042714,1590.6639412378,0.471906423223706,0.637058308830083,-0.189528833740773,0.309739068013229,"dyslexia","dv_fz","intercepts",60913,39
"freq_z",-0.0866953241704421,0.114172172951501,1586.35916685403,-0.759338479151737,0.447762921469905,-0.310468671192063,0.137078022851179,"dyslexia","dv_fz","intercepts",60913,39
"assoc_z",0.213439549780893,0.137913640436534,1592.99886492072,1.54763190287269,0.121909575057309,-0.0568662184515211,0.483745318013307,"dyslexia","dv_fz","intercepts",60913,39
"sur_z",-0.309834036133236,0.10252287073249,1584.83624191959,-3.02209676650273,0.00255053587313959,-0.510775170360572,-0.1088929019059,"dyslexia","dv_fz","intercepts",60913,39
"(Intercept)",-0.487940518169363,0.119498715707779,56.0023548630633,-4.08322813579493,0.000142590078248688,-0.7221536971554,-0.253727339183325,"dyslexia_normal_CAP","dv_cp","intercepts",29964,19
"duration_z",0.285249254673805,0.0959669615833876,1593.43797560957,2.97236934427633,0.0029994325781862,0.0971574662646267,0.473341043082984,"dyslexia_normal_CAP","dv_cp","intercepts",29964,19
"position_z",0.206684303932166,0.0711289043750226,1594.00487163765,2.90577094850831,0.00371405602706703,0.0672742130973285,0.346094394767004,"dyslexia_normal_CAP","dv_cp","intercepts",29964,19
"section2",0.218641011114334,0.140409200156301,1590.03234486285,1.55717012041195,0.119629105303711,-0.0565559642900923,0.493837986518761,"dyslexia_normal_CAP","dv_cp","intercepts",29964,19
"sur_m1_z",0.0837465994648507,0.0865117887932112,1586.15574803699,0.968036849463717,0.33317354489195,-0.0858133908079792,0.25330658973768,"dyslexia_normal_CAP","dv_cp","intercepts",29964,19
"sur_p1_z",-0.0519706458978981,0.0867914020119001,1591.46970030565,-0.598799474293229,0.549391831694826,-0.222078668008959,0.118137376213163,"dyslexia_normal_CAP","dv_cp","intercepts",29964,19
"freq_m1_z",0.171836074573506,0.0921424339772095,1587.1550537795,1.8648961955575,0.0623803870601757,-0.00875977746968409,0.352431926616696,"dyslexia_normal_CAP","dv_cp","intercepts",29964,19
"freq_p1_z",-0.015386965416608,0.0969998036170878,1587.77594250997,-0.158628830604121,0.873981485695117,-0.205503087013558,0.174729156180342,"dyslexia_normal_CAP","dv_cp","intercepts",29964,19
"assoc_m1_z",-0.0179242346003288,0.0953198907645809,1596.37898584141,-0.188042962036095,0.850866872002165,-0.2047477875092,0.168899318308542,"dyslexia_normal_CAP","dv_cp","intercepts",29964,19
"assoc_p1_z",-0.119826634547243,0.102069516334085,1590.5017355162,-1.17397082744114,0.24058246492101,-0.319879210481471,0.0802259413869863,"dyslexia_normal_CAP","dv_cp","intercepts",29964,19
"freq_z",0.0190861830293091,0.0914967908599789,1586.29582919563,0.208599480374316,0.834787697022308,-0.160244231757243,0.198416597815861,"dyslexia_normal_CAP","dv_cp","intercepts",29964,19
"assoc_z",-0.140713652332026,0.110648808692229,1599.74718945827,-1.27171411961084,0.203659557753321,-0.357581332301056,0.076154027637005,"dyslexia_normal_CAP","dv_cp","intercepts",29964,19
"sur_z",-0.465144451459928,0.0821588378253371,1584.74311026465,-5.66152666921587,1.77799736862821e-08,-0.626172814609256,-0.3041160883106,"dyslexia_normal_CAP","dv_cp","intercepts",29964,19
"(Intercept)",-0.0836022781518694,0.203318704812756,45.2046294731269,-0.411188327354642,0.682877367078637,-0.482099616968202,0.314895060664463,"dyslexia_normal_CAP","dv_fz","intercepts",29964,19
"duration_z",0.672555217663034,0.144894208306251,1593.88828311984,4.64169841931507,3.73873492313152e-06,0.388567787814338,0.95654264751173,"dyslexia_normal_CAP","dv_fz","intercepts",29964,19
"position_z",-0.238336759371298,0.10739278624434,1594.46058352345,-2.21929952379701,0.0266066309595596,-0.448822752609613,-0.0278507661329833,"dyslexia_normal_CAP","dv_fz","intercepts",29964,19
"section2",-0.600804829835244,0.21200996559107,1590.8797197804,-2.83385183408826,0.00465711809363459,-1.01633672675732,-0.18527293291317,"dyslexia_normal_CAP","dv_fz","intercepts",29964,19
"sur_m1_z",-0.133502767489555,0.130638371442642,1587.46096721091,-1.02192614631736,0.30697156220435,-0.3895492705161,0.12254373553699,"dyslexia_normal_CAP","dv_fz","intercepts",29964,19
"sur_p1_z",-0.344076293642956,0.13104607173964,1592.14788335407,-2.62561318378593,0.00873215942387683,-0.600921874568103,-0.0872307127178094,"dyslexia_normal_CAP","dv_fz","intercepts",29964,19
"freq_m1_z",-0.224565207991892,0.139138086930278,1588.33419081856,-1.61397366419463,0.106731769666165,-0.49727084725304,0.0481404312692556,"dyslexia_normal_CAP","dv_fz","intercepts",29964,19
"freq_p1_z",-0.230339108819141,0.146470937496718,1588.91347520441,-1.57259257539948,0.116012277886671,-0.517416871094525,0.0567386534562438,"dyslexia_normal_CAP","dv_fz","intercepts",29964,19
"assoc_m1_z",-0.21517278918424,0.143908589925829,1596.40343773302,-1.49520462465194,0.135058689583625,-0.497228442504809,0.0668828641363293,"dyslexia_normal_CAP","dv_fz","intercepts",29964,19
"assoc_p1_z",0.107575351702447,0.154117654604399,1591.28331405595,0.698007973055259,0.485274188505113,-0.194489700703959,0.409640404108852,"dyslexia_normal_CAP","dv_fz","intercepts",29964,19
"freq_z",-0.254319639580787,0.138165577571142,1587.63573197937,-1.84068741325847,0.0658538920247622,-0.5251191955234,0.0164799163618254,"dyslexia_normal_CAP","dv_fz","intercepts",29964,19
"assoc_z",0.3242548723219,0.167039673317036,1599.41967356731,1.94118478492516,0.0524113278630602,-0.00313687136882729,0.651646616012628,"dyslexia_normal_CAP","dv_fz","intercepts",29964,19
"sur_z",-0.536168734513742,0.124068812362634,1586.23248568599,-4.32154321705444,1.64569756301168e-05,-0.779339138349163,-0.292998330678321,"dyslexia_normal_CAP","dv_fz","intercepts",29964,19
"(Intercept)",-0.257601155835773,0.185434062919615,28.5669343685157,-1.38917926825257,0.175512997412066,-0.621045240665153,0.105842928993608,"dyslexia_atypical_CAP","dv_cp","intercepts",30949,20
"duration_z",0.561061864878417,0.100497163397776,1587.66202484737,5.58286269889716,2.77807652397041e-08,0.364091044070339,0.758032685686494,"dyslexia_atypical_CAP","dv_cp","intercepts",30949,20
"position_z",-0.0664344519464854,0.074420933568839,1583.48360698617,-0.892685011604078,0.372161516943688,-0.212296801437258,0.079427897544287,"dyslexia_atypical_CAP","dv_cp","intercepts",30949,20
"section2",0.0648591491010262,0.147138206607636,1588.72832588769,0.44080426557041,0.659414678644127,-0.223526436599754,0.353244734801806,"dyslexia_atypical_CAP","dv_cp","intercepts",30949,20
"sur_m1_z",0.0289289040685223,0.0906531529143358,1584.84384120294,0.319116358764257,0.749680333346539,-0.148748010728578,0.206605818865623,"dyslexia_atypical_CAP","dv_cp","intercepts",30949,20
"sur_p1_z",-0.37779269630159,0.09088477135963,1585.735569544,-4.15683167432604,3.39930613816656e-05,-0.555923574909622,-0.199661817693558,"dyslexia_atypical_CAP","dv_cp","intercepts",30949,20
"freq_m1_z",0.000483865983126183,0.0965528907176779,1585.46627951305,0.00501140856094111,0.99600212167287,-0.188756322426754,0.189724054393007,"dyslexia_atypical_CAP","dv_cp","intercepts",30949,20
"freq_p1_z",-0.174549995810605,0.10161668077082,1584.48676889475,-1.71772975151859,0.0860413046520994,-0.373715030349916,0.0246150387287062,"dyslexia_atypical_CAP","dv_cp","intercepts",30949,20
"assoc_m1_z",0.00216795602229038,0.0997594405251202,1587.00092759658,0.0217318382188047,0.982664598457235,-0.193356954524811,0.197692866569391,"dyslexia_atypical_CAP","dv_cp","intercepts",30949,20
"assoc_p1_z",-0.103260942731932,0.106985944032276,1590.92869729481,-0.965182329940267,0.334600183839149,-0.312949539887211,0.106427654423348,"dyslexia_atypical_CAP","dv_cp","intercepts",30949,20
"freq_z",-0.136536695094417,0.0958423324508929,1582.19946087095,-1.4245969563019,0.154470946037245,-0.324384214892481,0.0513108247036476,"dyslexia_atypical_CAP","dv_cp","intercepts",30949,20
"assoc_z",-0.0240504107252912,0.115743401353764,1587.44787047219,-0.207790772035308,0.835418991679591,-0.250903308826834,0.202802487376251,"dyslexia_atypical_CAP","dv_cp","intercepts",30949,20
"sur_z",-0.67549879587033,0.0860457672558881,1579.91710235321,-7.85045932429762,7.5894950444795e-15,-0.844145400713986,-0.506852191026673,"dyslexia_atypical_CAP","dv_cp","intercepts",30949,20
"(Intercept)",0.621911982041424,0.272525710680579,30.2004133093556,2.28203049352049,0.0296996606608879,0.0877714042463068,1.15605255983654,"dyslexia_atypical_CAP","dv_fz","intercepts",30949,20
"duration_z",-0.0224688290322189,0.151836147386466,1583.29823814677,-0.147980763599259,0.882376792088621,-0.320062209461008,0.27512455139657,"dyslexia_atypical_CAP","dv_fz","intercepts",30949,20
"position_z",-0.133734505116695,0.112445388480798,1579.38596301927,-1.18932849913656,0.234489193785833,-0.354123416766675,0.0866544065332837,"dyslexia_atypical_CAP","dv_fz","intercepts",30949,20
"section2",-0.821035231313098,0.222300643481685,1584.22167365712,-3.69335517186995,0.000228827894369523,-1.25673648627728,-0.385333976348918,"dyslexia_atypical_CAP","dv_fz","intercepts",30949,20
"sur_m1_z",-0.101211867711263,0.13696872235583,1580.60621194788,-0.738941460287008,0.460052258891037,-0.369665630537156,0.16724189511463,"dyslexia_atypical_CAP","dv_fz","intercepts",30949,20
"sur_p1_z",0.151326728777031,0.137316939410809,1581.48102299004,1.10202520844358,0.270618394459964,-0.117809526935423,0.420462984489485,"dyslexia_atypical_CAP","dv_fz","intercepts",30949,20
"freq_m1_z",-0.255923839413506,0.145881389984682,1581.22971195955,-1.75432822130622,0.0795679732736854,-0.541846109798124,0.0299984309711123,"dyslexia_atypical_CAP","dv_fz","intercepts",30949,20
"freq_p1_z",0.198560414017051,0.153534281649693,1580.36000532542,1.29326435688214,0.196108649968124,-0.102361248408576,0.499482076442678,"dyslexia_atypical_CAP","dv_fz","intercepts",30949,20
"assoc_m1_z",0.0793282433138148,0.150722982286106,1582.63914501866,0.526318164029107,0.598740911872699,-0.216083373609421,0.37473986023705,"dyslexia_atypical_CAP","dv_fz","intercepts",30949,20
"assoc_p1_z",0.0201595083562997,0.16163263496948,1586.18691461597,0.124724244952798,0.900757666612794,-0.29663463491019,0.33695365162279,"dyslexia_atypical_CAP","dv_fz","intercepts",30949,20
"freq_z",0.0751147323090638,0.144814230976091,1578.30440792279,0.518697173632511,0.604044646407577,-0.208715944852938,0.358945409471066,"dyslexia_atypical_CAP","dv_fz","intercepts",30949,20
"assoc_z",0.108347280729794,0.174871496503381,1583.05862101192,0.619582281253589,0.535621996069516,-0.234394554339454,0.451089115799042,"dyslexia_atypical_CAP","dv_fz","intercepts",30949,20
"sur_z",-0.0897416558088565,0.130016141166612,1576.13551160792,-0.690234727808567,0.490148209786486,-0.344568609904291,0.165085298286578,"dyslexia_atypical_CAP","dv_fz","intercepts",30949,20
