"term","Estimate","Std. Error","df","t value","Pr(>|t|)","ci95_low","ci95_high"
"(Intercept)",0.172009724879661,0.147811149446785,174.577087254607,1.16371278840226,0.246128430719099,-0.117694804549504,0.461714254308827
"duration_z",0.171482868141301,0.10357386852678,1590.05488020795,1.65565765361909,0.0979884925667615,-0.0315181839106751,0.374483920193277
"position_z",-0.180898475516014,0.0767703733304251,1591.00976580916,-2.35635789782361,0.0185758027913049,-0.331365642323342,-0.0304313087086868
"section2",-0.654790585053565,0.151609030118072,1589.4009711448,-4.31894185025536,1.66478582262231e-05,-0.951938823816034,-0.357642346291096
"sur_m1_z",-0.0835001098098242,0.0934480054012088,1587.75351227084,-0.893546196639785,0.371700159691836,-0.266654834823298,0.0996546152036495
"sur_p1_z",-0.0489495050738096,0.0936780520504473,1588.48052769001,-0.522529066332949,0.601374878888702,-0.232555113234555,0.134656103086936
"freq_m1_z",-0.14043697856507,0.0995120960945381,1587.62536247002,-1.41125535564694,0.15836526406882,-0.335477102936454,0.0546031458063135
"freq_p1_z",0.00441140776676974,0.104745180545954,1587.63702372467,0.0421156156662918,0.966411827400086,-0.200885373657445,0.209708189190985
"assoc_m1_z",-0.131931039432879,0.102847834272651,1591.15132002131,-1.28277897503537,0.199756348829169,-0.33350909049522,0.0696470116294615
"assoc_p1_z",0.0866885220363467,0.110204328811324,1589.48488869166,0.786616306014276,0.431623771136477,-0.129307993374259,0.302685037446952
"freq_z",-0.0304575277443721,0.0988204286322684,1587.32120863545,-0.308210844315511,0.75796234122696,-0.224142008800429,0.163226953311685
"assoc_z",0.0658082839810351,0.119326568329571,1591.6266183422,0.551497331250468,0.581370209727897,-0.168067492343682,0.299684060305752
"sur_z",-0.203340373701075,0.0887380992138781,1585.74705475767,-2.29146641073504,0.0220670340630154,-0.377263852216818,-0.0294168951853319
