"term","Estimate","Std. Error","df","t value","Pr(>|t|)","ci95_low","ci95_high","model"
"(Intercept)",-0.501470076836957,0.123976687715461,62.3168480089322,-4.04487396846639,0.000146700635494853,-0.74445991968183,-0.258480233992083,"ncap_vs_acap"
"section2",0.233989294074534,0.116992982001573,1595.59671228869,2.00002846385596,0.0456664246718352,0.00468726290750873,0.463291325241559,"ncap_vs_acap"
"duration_z",0.437823881646348,0.0709324025551671,1594.36051412997,6.17241015212806,8.51345971388689e-10,0.298798927301323,0.576848835991372,"ncap_vs_acap"
"sur_p1_z",-0.184368041268661,0.0627227618568934,1597.33317652477,-2.93941203815786,0.00333558912869461,-0.307302395519055,-0.0614336870182676,"ncap_vs_acap"
"assoc_p1_z",-0.1887108203586,0.0641538285231149,1598.20647478508,-2.94153637753056,0.0033128935039964,-0.314450013734264,-0.0629716269829363,"ncap_vs_acap"
"freq_z",0.0673789786521559,0.0894456685511805,3235.24693581239,0.753295042046691,0.451327450592867,-0.107931310281265,0.242689267585577,"ncap_vs_acap"
"sur_z",-0.446342241819228,0.0837370263285015,3650.53286587283,-5.33028531570038,1.0399942109854e-07,-0.610463797595573,-0.282220686042883,"ncap_vs_acap"
"age_c",0.100067018100415,0.080070845699192,30.9173307386633,1.2497310004236,0.220775778087175,-0.0568689556816649,0.257002991882496,"ncap_vs_acap"
"g",0.00868616271508783,0.152306376067738,30.7097470677023,0.0570308541201496,0.954890080230903,-0.289828848993493,0.307201174423668,"ncap_vs_acap"
"sur_z:g",-0.22265887780686,0.105081970652296,51551.0754930179,-2.11890656812682,0.0341031321870267,-0.428615755709855,-0.0167019999038643,"ncap_vs_acap"
"freq_z:g",-0.215178871912748,0.105167216811809,51551.9853810192,-2.04606414846748,0.0407551222017189,-0.421302829218209,-0.00905491460728788,"ncap_vs_acap"
