subject,group,n_trials,sur_slope_cp
D001d,dyslexia_normal_CAP,1588,-0.3346482947615759
D002d,dyslexia_atypical_CAP,1523,-1.4761879346665896
D003d,dyslexia_atypical_CAP,1503,-0.2595712108329934
D005d,dyslexia_atypical_CAP,1554,-0.9935392283846122
D006d,dyslexia_atypical_CAP,1570,-0.2303797706912798
D007d,dyslexia_atypical_CAP,1549,-0.6813949776030856
D009d,dyslexia_atypical_CAP,1547,-0.5540393175152372
D010d,dyslexia_normal_CAP,1578,-0.7678966225450903
D011d,dyslexia_normal_CAP,1561,-0.15791320718826396
D012d,dyslexia_normal_CAP,1535,-0.26936514992461186
D013d,dyslexia_atypical_CAP,1481,-0.5157041671218753
D014d,dyslexia_atypical_CAP,1577,-0.6262053253585207
D016d,dyslexia_normal_CAP,1598,-0.16199512531959295
D018d,dyslexia_atypical_CAP,1585,-1.9061552896100797
D019d,TD,1458,-1.452318176029342
D020d,dyslexia_normal_CAP,1603,-0.4056429943099659
D021d,dyslexia_atypical_CAP,1580,-0.4957172895623699
D023d,dyslexia_atypical_CAP,1599,-0.539555348746839
D024d,dyslexia_normal_CAP,1590,0.2721829890176924
D025d,dyslexia_normal_CAP,1595,0.18213353463103324
D029d,dyslexia_atypical_CAP,1571,-0.5533715343101057
D030d,dyslexia_normal_CAP,1591,-0.448114067892601
D033d,dyslexia_normal_CAP,1586,-0.11473659758023806
D034d,dyslexia_normal_CAP,1461,-1.4648906580451711e-06
D035d,dyslexia_atypical_CAP,1522,-4.5970079444075575e-07
D036d,dyslexia_normal_CAP,1601,-0.017524558693159952
D038d,dyslexia_atypical_CAP,1580,-0.5288508418179125
D039d,dyslexia_normal_CAP,1589,-0.8181563412882517
D041d,dyslexia_atypical_CAP,1582,-0.9013432480970501
D042d,dyslexia_atypical_CAP,1555,-0.11831630436826392
D043d,TD,1578,-0.56892339808094
D047d,dyslexia_normal_CAP,1594,-0.8793767065467507
D048d,dyslexia_atypical_CAP,1535,-0.9843483708020391
D049d,dyslexia_atypical_CAP,1503,-0.454657581128931
RN028d,TD,1585,-1.1774909763971595
RN032d,TD,1580,-0.7579343792765038
RN102,TD,1592,-0.9657551790250275
RN103,TD,1586,-0.8436028064302652
RN105,TD,1514,-2.4472391331322256e-07
RN106,TD,1323,9.453649041491466e-07
RN107,TD,1547,-1.2465287966946028
RN109,TD,1258,-5.155171058464789e-06
RN110,TD,1565,-0.3761042482334168
RN111,TD,1586,-0.5343362436518521
RN112,TD,1568,-0.5990701122672488
RN113,TD,1546,-0.6050578020123236
RN114,TD,1575,0.2610527024668132
RN115,TD,1589,-0.6869370384920078
RN118,dyslexia_normal_CAP,1595,-0.9999288049496114
RN120,TD,1524,-0.9440571572414491
RN121,dyslexia_normal_CAP,1582,-1.1063210714177834
RN122,dyslexia_normal_CAP,1543,-6.158013335805841e-08
RN123,dyslexia_atypical_CAP,1467,-1.188715513846847
RN125,dyslexia_atypical_CAP,1566,-0.5325099415791378
RN126,TD,1544,-0.4422947879981559
RN127,TD,1601,-1.776125307790975
RN128,dyslexia_normal_CAP,1597,-0.9286931499106582
RN129,TD,1594,-0.8035084688441685
RN131,TD,1593,-0.2500117150259737
RN132,dyslexia_normal_CAP,1577,-1.823718008650903
RN133,TD,1566,-0.6801271995301892
RN135,TD,1591,-1.520166899852017
RN136,TD,1591,-1.1638622128373004
